subtype,birds_W
turkeys,3.175009139330873e-05
ckn-layers,1.834399788905852e-06
ckn-broilers,7.152237695540182e-07
ducks,5.195996421386786e-06
ckn-pullets,1.5671814109366741e-07
